stage,sample,dpt_pseudotime
266,9mo_SIGAE3_14686.30j,0.018268565
266,9mo_SIGAE3_14686.30j,0.016838
266,9mo_SIGAE3_14686.30j,0.020687254
266,9mo_SIGAE3_14686.30j,0.023137128
266,9mo_SIGAE3_14686.30j,0.018723717
266,9mo_SIGAE3_14686.30j,0.020080771
266,9mo_SIGAE3_14686.30j,0.018959202
266,9mo_SIGAE3_14686.30j,0.016592706
266,9mo_SIGAE3_14686.30j,0.023052106
266,9mo_SIGAE3_14686.30j,0.019537
266,9mo_SIGAE3_14686.30j,0.018651811
266,9mo_SIGAE3_14686.30j,0.020683993
266,9mo_SIGAE3_14686.30j,0.018560475
266,9mo_SIGAE3_14686.30j,0.015571623
266,9mo_SIGAE3_14686.30j,0.01967513
266,9mo_SIGAE3_14686.30j,0.02034695
266,9mo_SIGAE3_14686.30j,0.023221616
266,9mo_SIGAE3_14686.30j,0.03023333
266,9mo_SIGAE3_14686.30j,0.018302605
266,9mo_SIGAE3_14686.30j,0.0168864
266,9mo_SIGAE3_14686.30j,0.01633188
266,9mo_SIGAE3_14686.30j,0.025603848
266,9mo_SIGAE3_14686.30j,0.01883416
266,9mo_SIGAE3_14686.30j,0.016790746
266,9mo_SIGAE3_14686.30j,0.015762411
266,9mo_SIGAE3_14686.30j,0.016465804
266,9mo_SIGAE3_14686.30j,0.016676057
266,9mo_SIGAE3_14686.30j,0.017100116
266,9mo_SIGAE3_14686.30j,0.020212837
266,9mo_SIGAE3_14686.30j,0.024035646
266,9mo_SIGAE3_14686.30j,0.016506385
266,9mo_SIGAE3_14686.30j,0.020230351
266,9mo_SIGAE3_14686.30j,0.018536862
266,9mo_SIGAE3_14686.30j,0.01583255
266,9mo_SIGAE3_14686.30j,0.01621446
266,9mo_SIGAE3_14686.30j,0.01597102
266,9mo_SIGAE3_14686.30j,0.015810046
266,9mo_SIGAE3_14686.30j,0.021019109
266,9mo_SIGAE3_14686.30j,0.017219063
266,9mo_SIGAE3_14686.30j,0.017198937
266,9mo_SIGAE3_14686.30j,0.017185697
266,9mo_SIGAE3_14686.30j,0.015237081
266,9mo_SIGAE3_14686.30j,0.019271968
266,9mo_SIGAE3_14686.30j,0.01731647
266,9mo_SIGAE3_14686.30j,0.015921459
266,9mo_SIGAE3_14686.30j,0.018983709
266,9mo_SIGAE3_14686.30j,0.01537505
266,9mo_SIGAE3_14686.30j,0.017061338
266,9mo_SIGAE3_14686.30j,0.018436035
266,9mo_SIGAE3_14686.30j,0.027055202
266,9mo_SIGAE3_14686.30j,0.017016692
266,9mo_SIGAE3_14686.30j,0.017118229
266,9mo_SIGAE3_14686.30j,0.018032089
266,9mo_SIGAE3_14686.30j,0.016836142
266,9mo_SIGAE3_14686.30j,0.01848922
266,9mo_SIGAE3_14686.30j,0.018522125
266,9mo_SIGAE3_14686.30j,0.018925253
266,9mo_SIGAE3_14686.30j,0.015344311
266,9mo_SIGAE3_14686.30j,0.016701171
266,9mo_SIGAE3_14686.30j,0.01649386
266,9mo_SIGAE3_14686.30j,0.015304452
266,9mo_SIGAE3_14686.30j,0.015048554
266,9mo_SIGAE3_14686.30j,0.019436933
266,9mo_SIGAE3_14686.30j,0.02031227
266,9mo_SIGAE3_14686.30j,0.020071581
266,9mo_SIGAE3_14686.30j,0.017467476
266,9mo_SIGAE3_14686.30j,0.021937653
266,9mo_SIGAE3_14686.30j,0.017758984
266,9mo_SIGAE3_14686.30j,0.01874621
266,9mo_SIGAE3_14686.30j,0.019902792
266,9mo_SIGAE3_14686.30j,0.015373637
266,9mo_SIGAE3_14686.30j,0.021400578
266,9mo_SIGAE3_14686.30j,0.015331708
266,9mo_SIGAE3_14686.30d,0.017441178
266,9mo_SIGAE3_14686.30d,0.017844308
266,9mo_SIGAE3_14686.30d,0.020774886
266,9mo_SIGAE3_14686.30d,0.023377897
266,9mo_SIGAE3_14686.30d,0.017363599
266,9mo_SIGAE3_14686.30d,0.016187903
266,9mo_SIGAE3_14686.30d,0.017331284
266,9mo_SIGAE3_14686.30d,0.017428128
266,9mo_SIGAE3_14686.30d,0.018246511
266,9mo_SIGAE3_14686.30d,0.015331723
266,9mo_SIGAE3_14686.30d,0.018577391
266,9mo_SIGAE3_14686.30d,0.01938043
266,9mo_SIGAE3_14686.30d,0.015203691
266,9mo_SIGAE3_14686.30d,0.016472474
266,9mo_SIGAE3_14686.30d,0.023155706
266,9mo_SIGAE3_14686.30d,0.017276324
266,9mo_SIGAE3_14686.30d,0.021074811
266,9mo_SIGAE3_14686.30d,0.021259088
266,9mo_SIGAE3_14686.30d,0.020122198
266,9mo_SIGAE3_14686.30d,0.015176916
266,9mo_SIGAE3_14686.30d,0.017095655
266,9mo_SIGAE3_14686.30d,0.01667393
266,9mo_SIGAE3_14686.30d,0.017543903
266,9mo_SIGAE3_14686.30d,0.016246133
266,9mo_SIGAE3_14686.30d,0.017515661
266,9mo_SIGAE3_14686.30d,0.016178925
266,9mo_SIGAE3_14686.30d,0.018644726
266,9mo_SIGAE3_14686.30d,0.015518989
266,9mo_SIGAE3_14686.30d,0.020179529
266,9mo_SIGAE3_14686.30d,0.016900478
266,9mo_SIGAE3_14686.30d,0.017780414
266,9mo_SIGAE3_14686.30d,0.017845783
266,9mo_SIGAE3_14686.30d,0.019314257
266,9mo_SIGAE3_14686.30d,0.017295258
266,9mo_SIGAE3_14686.30d,0.016897239
266,9mo_SIGAE3_14686.30d,0.018040841
266,9mo_SIGAE3_14686.30d,0.022000374
266,9mo_SIGAE3_14686.30d,0.020913092
266,9mo_SIGAE3_14686.30d,0.02320572
266,9mo_SIGAE3_14686.30d,0.016741293
266,9mo_SIGAE3_14686.30d,0.021377534
266,9mo_SIGAE3_14686.30d,0.018270465
266,9mo_SIGAE3_14686.30d,0.01903793
266,9mo_SIGAE3_14686.30d,0.022226298
266,9mo_SIGAE3_14686.30d,0.018343765
266,9mo_SIGAE3_14686.30d,0.04325903
266,9mo_SIGAE3_14686.30d,0.02530932
266,9mo_SIGAE3_14686.30d,0.016978428
266,9mo_SIGAE3_14686.30d,0.020841962
266,9mo_SIGAE3_14686.30d,0.017512057
266,9mo_SIGAE3_14686.30d,0.01563446
266,9mo_SIGAE3_14686.30d,0.019373992
266,9mo_SIGAE3_14686.30d,0.017785147
266,9mo_SIGAE3_14686.30d,0.02687706
266,9mo_SIGAE3_14686.30d,0.01881774
266,9mo_SIGAE3_14686.30d,0.016205573
266,9mo_SIGAE3_14686.30d,0.021664023
266,9mo_SIGAE3_14686.30d,0.0211718
266,9mo_SIGAE3_14686.30d,0.015911851
266,9mo_SIGAE3_14686.30d,0.015827812
266,9mo_SIGAE3_14686.30d,0.017705576
266,9mo_SIGAE3_14686.30d,0.01797568
266,9mo_SIGAE3_14686.30d,0.017694803
266,9mo_SIGAE3_14686.30d,0.016519511
266,9mo_SIGAE3_14686.30d,0.019164693
266,9mo_SIGAE3_14686.30d,0.017995702
266,9mo_SIGAE3_14686.30d,0.022418298
266,9mo_SIGAE3_14686.30d,0.019244181
266,9mo_SIGAE3_14686.30d,0.018899012
266,9mo_SIGAE3_14686.30d,0.0150184175
266,9mo_SIGAE3_14686.30d,0.017760605
266,9mo_SIGAE3_14686.30d,0.019876268
266,9mo_SIGAE3_14686.30d,0.02108157
266,9mo_SIGAE3_14686.30d,0.024379278
266,9mo_SIGAE3_14686.30d,0.01637676
266,9mo_SIGAE3_14686.30d,0.036216244
266,9mo_SIGAE3_14686.30d,0.017908394
266,9mo_SIGAE3_14686.30d,0.016881118
266,9mo_SIGAF3_14686.30h,0.019257784
266,9mo_SIGAF3_14686.30h,0.01706088
266,9mo_SIGAF3_14686.30h,0.01909782
266,9mo_SIGAF3_14686.30h,0.016051657
266,9mo_SIGAF3_14686.30h,0.017788716
266,9mo_SIGAF3_14686.30h,0.017944848
266,9mo_SIGAF3_14686.30h,0.018561192
266,9mo_SIGAF3_14686.30h,0.019227488
266,9mo_SIGAF3_14686.30h,0.016690342
266,9mo_SIGAF3_14686.30h,0.017308481
266,9mo_SIGAF3_14686.30h,0.01879812
266,9mo_SIGAF3_14686.30h,0.017027661
266,9mo_SIGAF3_14686.30h,0.015873007
266,9mo_SIGAF3_14686.30h,0.022345798
266,9mo_SIGAF3_14686.30h,0.017663075
266,9mo_SIGAF3_14686.30h,0.020631654
266,9mo_SIGAF3_14686.30h,0.015459922
266,9mo_SIGAF3_14686.30h,0.018451957
266,9mo_SIGAF3_14686.30h,0.017279519
266,9mo_SIGAF3_14686.30h,0.017128536
266,9mo_SIGAF3_14686.30h,0.021381598
266,9mo_SIGAF3_14686.30h,0.025062151
266,9mo_SIGAF3_14686.30h,0.015282553
266,9mo_SIGAF3_14686.30h,0.018527282
266,9mo_SIGAF3_14686.30h,0.02653107
266,9mo_SIGAF3_14686.30h,0.020822473
266,9mo_SIGAF3_14686.30h,0.019224051
266,9mo_SIGAF3_14686.30h,0.015559166
266,9mo_SIGAF3_14686.30h,0.016017508
266,9mo_SIGAF3_14686.30h,0.01851021
266,9mo_SIGAF3_14686.30h,0.017040052
266,9mo_SIGAF3_14686.30h,0.018629195
266,9mo_SIGAF3_14686.30h,0.015869807
266,9mo_SIGAF3_14686.30h,0.017347991
266,9mo_SIGAF3_14686.30h,0.016290003
266,9mo_SIGAF3_14686.30h,0.02370665
266,9mo_SIGAF3_14686.30h,0.020405998
266,9mo_SIGAF3_14686.30h,0.016786445
266,9mo_SIGAF3_14686.30h,0.01714179
266,9mo_SIGAF3_14686.30h,0.033651285
266,9mo_SIGAF3_14686.30h,0.033751354
266,9mo_SIGAF3_14686.30h,0.015932495
266,9mo_SIGAF3_14686.30h,0.023774266
266,9mo_SIGAF3_14686.30h,0.0206082
266,9mo_SIGAF3_14686.30h,0.021896202
266,9mo_SIGAF3_14686.30h,0.016529849
266,9mo_SIGAF3_14686.30h,0.019082902
266,9mo_SIGAF3_14686.30h,0.018979752
266,9mo_SIGAF3_14686.30h,0.019520037
266,9mo_SIGAF3_14686.30h,0.01633964
266,9mo_SIGAF3_14686.30h,0.01543681
266,9mo_SIGAF3_14686.30h,0.01667433
266,9mo_SIGAF3_14686.30h,0.01776728
266,9mo_SIGAF3_14686.30h,0.020469643
266,9mo_SIGAF3_14686.30h,0.015841722
266,9mo_SIGAF3_14686.30h,0.019265361
266,9mo_SIGAF3_14686.30h,0.025375867
266,9mo_SIGAF3_14686.30h,0.016704815
266,9mo_SIGAF3_14686.30h,0.017650522
266,9mo_SIGAF3_14686.30h,0.019861095
266,9mo_SIGAF3_14686.30h,0.017619481
266,9mo_SIGAF3_14686.30h,0.017242616
266,9mo_SIGAF3_14686.30h,0.023447713
266,9mo_SIGAF3_14686.30h,0.019616669
266,9mo_SIGAF3_14686.30h,0.01795778
266,9mo_SIGAF3_14686.30h,0.018491885
266,9mo_SIGAF3_14686.30h,0.020579819
266,9mo_SIGAF3_14686.30h,0.02483875
266,9mo_SIGAF3_14686.30h,0.018233389
266,9mo_SIGAF3_14686.30h,0.016522788
266,9mo_SIGAF3_14686.30h,0.01752974
266,9mo_SIGAF3_14686.30h,0.018350562
266,9mo_SIGAF3_14686.30h,0.015197959
266,9mo_SIGAF3_14686.30h,0.019336596
266,9mo_SIGAF3_14686.30h,0.015559028
266,9mo_SIGAF3_14686.30h,0.018895917
266,9mo_SIGAF3_14686.30h,0.016588198
266,9mo_SIGAF3_14686.30h,0.019693963
266,9mo_SIGAF3_14686.30h,0.023736158
266,9mo_SIGAF3_14686.30h,0.016365644
266,9mo_SIGAF3_14686.30h,0.015933162
266,9mo_SIGAF3_14686.30h,0.018073168
266,9mo_SIGAF3_14686.30h,0.015997658
266,9mo_SIGAF3_14686.30h,0.015579866
266,9mo_SIGAF3_14686.30h,0.016284583
266,9mo_SIGAF3_14686.30h,0.015526836
266,9mo_SIGAF3_14686.30h,0.022341987
266,9mo_SIGAF3_14686.30h,0.0157896
266,9mo_SIGAF3_14686.30h,0.018884214
266,9mo_SIGAF3_14686.30h,0.018709386
266,9mo_SIGAF3_14686.30h,0.016917303
266,9mo_SIGAF3_14686.30h,0.018934168
266,9mo_SIGAF3_14686.30h,0.016513193
266,9mo_SIGAF3_14686.30h,0.02355909
266,9mo_SIGAF3_14686.30h,0.018533811
266,9mo_SIGAF3_14686.30h,0.016604368
266,9mo_SIGAF3_14686.30h,0.015447053
266,9mo_SIGAF3_14686.30h,0.021531528
266,9mo_SIGAF3_14686.30h,0.015327072
266,9mo_SIGAF3_14686.30h,0.019257188
266,9mo_SIGAF3_14686.30h,0.01675218
266,9mo_SIGAF3_14686.30h,0.029688908
266,9mo_SIGAF3_14686.30h,0.020266587
266,9mo_SIGAF3_14686.30h,0.019730503
266,9mo_SIGAF3_14686.30h,0.016566753
266,9mo_SIGAF3_14686.30h,0.018943423
266,9mo_SIGAF3_14686.30h,0.023318235
266,9mo_SIGAF3_14686.30h,0.01624388
266,9mo_SIGAF3_14686.30h,0.01892849
266,9mo_SIGAF3_14686.30h,0.01741747
266,9mo_SIGAF3_14686.30h,0.017574416
266,9mo_SIGAF3_14686.30h,0.02299244
266,9mo_SIGAF3_14686.30h,0.023486853
266,9mo_SIGAF3_14686.30h,0.01720569
266,9mo_SIGAF3_14686.30h,0.015665308
266,9mo_SIGAF3_14686.30h,0.018021686
266,9mo_SIGAF3_14686.30h,0.016090944
266,9mo_SIGAF3_14686.30h,0.022612827
266,9mo_SIGAF3_14686.30h,0.015250317
266,9mo_SIGAF3_14686.30h,0.01880609
266,9mo_SIGAF3_14686.30h,0.01928626
266,9mo_SIGAF3_14686.30h,0.018932141
266,9mo_SIGAF3_14686.30h,0.024090806
266,9mo_SIGAF3_14686.30h,0.017486736
266,9mo_SIGAF3_14686.30h,0.01579788
266,9mo_SIGAF3_14686.30h,0.016072351
266,9mo_SIGAF3_14686.30h,0.0328477
266,9mo_SIGAF3_14686.30h,0.022640461
266,9mo_SIGAF3_14686.30h,0.015721943
266,9mo_SIGAF3_14686.30h,0.023094786
266,9mo_SIGAF3_14686.30h,0.017061424
266,9mo_SIGAF3_14686.30a,0.017684974
266,9mo_SIGAF3_14686.30a,0.016983658
266,9mo_SIGAF3_14686.30a,0.018028814
266,9mo_SIGAF3_14686.30a,0.015526381
266,9mo_SIGAF3_14686.30a,0.02055853
266,9mo_SIGAF3_14686.30a,0.027112542
266,9mo_SIGAF3_14686.30a,0.017309366
266,9mo_SIGAF3_14686.30a,0.018664429
266,9mo_SIGAF3_14686.30a,0.016014967
266,9mo_SIGAF3_14686.30a,0.015026405
266,9mo_SIGAF3_14686.30a,0.015762286
266,9mo_SIGAF3_14686.30a,0.018328559
266,9mo_SIGAF3_14686.30a,0.016656779
266,9mo_SIGAF3_14686.30a,0.018920584
266,9mo_SIGAF3_14686.30a,0.015599655
266,9mo_SIGAF3_14686.30a,0.026244864
266,9mo_SIGAF3_14686.30a,0.018979387
266,9mo_SIGAF3_14686.30a,0.015661372
266,9mo_SIGAF3_14686.30a,0.01611652
266,9mo_SIGAF3_14686.30a,0.020854859
266,9mo_SIGAF3_14686.30a,0.017885182
266,9mo_SIGAF3_14686.30a,0.018984197
266,9mo_SIGAF3_14686.30a,0.015609977
266,9mo_SIGAF3_14686.30a,0.016078716
266,9mo_SIGAF3_14686.30a,0.024513885
266,9mo_SIGAF3_14686.30a,0.020451669
266,9mo_SIGAF3_14686.30a,0.017312787
266,9mo_SIGAF3_14686.30a,0.016631141
266,9mo_SIGAF3_14686.30a,0.015994454
266,9mo_SIGAF3_14686.30a,0.019291328
266,9mo_SIGAF3_14686.30a,0.022878824
266,9mo_SIGAF3_14686.30a,0.016919926
266,9mo_SIGAF3_14686.30a,0.021057319
266,9mo_SIGAF3_14686.30a,0.02026034
266,9mo_SIGAF3_14686.30a,0.015885742
266,9mo_SIGAF3_14686.30a,0.026326379
266,9mo_SIGAF3_14686.30a,0.01924054
266,9mo_SIGAF3_14686.30a,0.018070098
266,9mo_SIGAF3_14686.30a,0.022096599
266,9mo_SIGAF3_14686.30a,0.017512158
266,9mo_SIGAF3_14686.30a,0.015293352
266,9mo_SIGAF3_14686.30a,0.03530418
266,9mo_SIGAF3_14686.30a,0.020917563
266,9mo_SIGAF3_14686.30a,0.020772802
266,9mo_SIGAF3_14686.30a,0.016283713
266,9mo_SIGAF3_14686.30a,0.016470786
266,9mo_SIGAF3_14686.30a,0.026018877
266,9mo_SIGAF3_14686.30a,0.0155076785
266,9mo_SIGAF3_14686.30a,0.01618344
266,9mo_SIGAF3_14686.30a,0.015795669
266,9mo_SIGAF3_14686.30a,0.018022873
266,9mo_SIGAF3_14686.30a,0.016817288
266,9mo_SIGAF3_14686.30a,0.019286979
266,9mo_SIGAF3_14686.30a,0.018521082
266,9mo_SIGAF3_14686.30a,0.016814895
266,9mo_SIGAF3_14686.30a,0.028000804
266,9mo_SIGAF3_14686.30a,0.015189177
266,9mo_SIGAF3_14686.30a,0.015908675
266,9mo_SIGAF3_14686.30a,0.01782804
266,9mo_SIGAF3_14686.30a,0.017423183
266,9mo_SIGAF3_14686.30a,0.020249633
266,9mo_SIGAF3_14686.30a,0.024593288
266,9mo_SIGAF3_14686.30a,0.016994454
266,9mo_SIGAF3_14686.30a,0.016485116
266,9mo_SIGAF3_14686.30a,0.021535601
266,9mo_SIGAF3_14686.30a,0.017181158
266,9mo_SIGAF3_14686.30a,0.025563065
266,9mo_SIGAF3_14686.30a,0.016928058
266,9mo_SIGAF3_14686.30a,0.03587207
266,9mo_SIGAF3_14686.30a,0.018078048
266,9mo_SIGAF3_14686.30a,0.01650098
266,9mo_SIGAF3_14686.30a,0.015045313
266,9mo_SIGAF3_14686.30a,0.018459043
266,9mo_SIGAF3_14686.30a,0.018205464
266,9mo_SIGAF3_14686.30a,0.015614139
266,9mo_SIGAF3_14686.30a,0.015670598
266,9mo_SIGAF3_14686.30a,0.017299695
266,9mo_SIGAF3_14686.30a,0.018103575
266,9mo_SIGAF3_14686.30a,0.015296661
266,9mo_SIGAF3_14686.30a,0.015318378
266,9mo_SIGAF3_14686.30a,0.016670497
266,9mo_SIGAF3_14686.30a,0.015206766
266,9mo_SIGAF3_14686.30a,0.016766792
266,9mo_SIGAF3_14686.30a,0.019716306
266,9mo_SIGAF3_14686.30a,0.027222399
266,9mo_SIGAF3_14686.30a,0.018275447
266,9mo_SIGAF3_14686.30a,0.015243737
266,9mo_SIGAF3_14686.30a,0.019522574
266,9mo_SIGAF3_14686.30a,0.021249328
266,9mo_SIGAF3_14686.30a,0.021829503
266,9mo_SIGAF3_14686.30a,0.018804792
266,9mo_SIGAF3_14686.30a,0.015995765
158,5mo_SIGAE9_146818.58h,0.01594041
158,5mo_SIGAE9_146818.58h,0.018826645
158,5mo_SIGAE9_146818.58h,0.020690706
158,5mo_SIGAE9_146818.58h,0.016990196
158,5mo_SIGAE9_146818.58h,0.015889732
158,5mo_SIGAE9_146818.58h,0.02255938
158,5mo_SIGAE9_146818.58h,0.019896073
158,5mo_SIGAE9_146818.58h,0.015141838
158,5mo_SIGAE9_146818.58h,0.017204043
158,5mo_SIGAE9_146818.58h,0.016315702
158,5mo_SIGAE9_146818.58h,0.02204066
158,5mo_SIGAE9_146818.58h,0.022891544
158,5mo_SIGAE9_146818.58h,0.01920807
158,5mo_SIGAE9_146818.58h,0.018995414
158,5mo_SIGAE9_146818.58h,0.017819744
158,5mo_SIGAE9_146818.58h,0.022844816
158,5mo_SIGAE9_146818.58h,0.016067049
158,5mo_SIGAE9_146818.58h,0.022393018
158,5mo_SIGAE9_146818.58h,0.016936438
158,5mo_SIGAE9_146818.58h,0.016566271
158,5mo_SIGAE9_146818.58h,0.0154464375
158,5mo_SIGAE9_146818.58h,0.015673574
158,5mo_SIGAE9_146818.58h,0.0150979515
158,5mo_SIGAE9_146818.58h,0.019945854
158,5mo_SIGAE9_146818.58h,0.019710397
158,5mo_SIGAE9_146818.58h,0.018138831
158,5mo_SIGAE9_146818.58h,0.030366093
158,5mo_SIGAE9_146818.58h,0.018568387
158,5mo_SIGAE9_146818.58h,0.025938174
158,5mo_SIGAE9_146818.58h,0.016082611
158,5mo_SIGAE9_146818.58h,0.01823817
158,5mo_SIGAE9_146818.58h,0.01686453
158,5mo_SIGAE9_146818.58h,0.0175307
158,5mo_SIGAE9_146818.58h,0.017564442
158,5mo_SIGAE9_146818.58h,0.015681779
158,5mo_SIGAE9_146818.58h,0.017175691
158,5mo_SIGAE9_146818.58h,0.019704482
158,5mo_SIGAE9_146818.58h,0.016868185
158,5mo_SIGAE9_146818.58h,0.016047396
158,5mo_SIGAE9_146818.58h,0.01744439
158,5mo_SIGAE9_146818.58h,0.03179827
158,5mo_SIGAE9_146818.58h,0.015477847
158,5mo_SIGAE9_146818.58h,0.017160347
158,5mo_SIGAE9_146818.58h,0.020863976
158,5mo_SIGAE9_146818.58h,0.016983382
158,5mo_SIGAE9_146818.58h,0.028214423
158,5mo_SIGAE9_146818.58h,0.01729862
158,5mo_SIGAE9_146818.58h,0.015741603
158,5mo_SIGAE9_146818.58h,0.020476192
158,5mo_SIGAE9_146818.58h,0.015114085
158,5mo_SIGAE9_146818.58h,0.018245405
158,5mo_SIGAE9_146818.58h,0.019690376
158,5mo_SIGAE9_146818.58h,0.018177148
158,5mo_SIGAE9_146818.58h,0.016516972
158,5mo_SIGAE9_146818.58h,0.015397987
158,5mo_SIGAE9_146818.58h,0.017150944
158,5mo_SIGAE9_146818.58h,0.018416531
158,5mo_SIGAE9_146818.58h,0.0169856
158,5mo_SIGAE9_146818.58h,0.018977132
158,5mo_SIGAE9_146818.58h,0.020564368
158,5mo_SIGAE9_146818.58h,0.020216832
158,5mo_SIGAE9_14686.57a,0.016397048
158,5mo_SIGAE9_14686.57a,0.016122848
158,5mo_SIGAE9_14686.57a,0.016198069
158,5mo_SIGAE9_14686.57a,0.02169227
158,5mo_SIGAD9_146818.58g,0.016217241
158,5mo_SIGAD9_146818.58g,0.022489721
158,5mo_SIGAD9_146818.58g,0.017098244
158,5mo_SIGAD9_146818.58g,0.01579703
158,5mo_SIGAD9_146818.58g,0.015039736
158,5mo_SIGAD9_146818.58g,0.01796784
158,5mo_SIGAD9_146818.58g,0.017716324
158,5mo_SIGAD9_146818.58g,0.016041767
158,5mo_SIGAD9_146818.58g,0.015232917
158,5mo_SIGAD9_146818.58g,0.015042856
158,5mo_SIGAD9_146818.58g,0.016270133
158,5mo_SIGAD9_146818.58g,0.0154459225
158,5mo_SIGAD9_146818.58g,0.021483094
158,5mo_SIGAD9_146818.58g,0.018231336
158,5mo_SIGAD9_146812.56e,0.01770503
158,5mo_SIGAD9_146812.56e,0.021190768
158,5mo_SIGAD9_146812.56e,0.01673326
158,5mo_SIGAD9_146812.56e,0.01538369
158,5mo_SIGAD9_146812.56e,0.015134588
158,5mo_SIGAD9_146812.56e,0.015073966
158,5mo_SIGAD9_146812.56e,0.017562462
158,5mo_SIGAD9_146812.56e,0.026245264
158,5mo_SIGAD9_146812.56e,0.017706448
158,5mo_SIGAD9_146812.56e,0.021908903
158,5mo_SIGAD9_146812.56e,0.02407905
158,5mo_SIGAD9_146812.56e,0.016022446
158,5mo_SIGAD9_146812.56e,0.018316392
158,5mo_SIGAD9_146812.56e,0.01721682
158,5mo_SIGAD9_146812.56e,0.023999633
158,5mo_SIGAD9_146812.56e,0.015602944
158,5mo_SIGAD9_146812.56e,0.024073012
158,5mo_SIGAD9_146812.56e,0.018275822
158,5mo_SIGAD9_146812.56e,0.01513131
158,5mo_SIGAD9_146812.56e,0.018920753
158,5mo_SIGAD9_146812.56e,0.019745933
158,5mo_SIGAD9_146812.56e,0.015077294
158,5mo_SIGAD9_146812.56e,0.023085352
158,5mo_SIGAD9_146812.56e,0.026766568
158,5mo_SIGAD9_146812.56e,0.01579109
158,5mo_SIGAD9_146812.56e,0.020826984
158,5mo_SIGAD9_146812.56e,0.015049188
158,5mo_SIGAD9_146812.56e,0.023317726
158,5mo_SIGAD9_146812.56e,0.0178248
158,5mo_SIGAD9_146812.56e,0.022542628
158,5mo_SIGAD9_146812.56e,0.020617876
158,5mo_SIGAD9_146812.56e,0.022479294
158,5mo_SIGAD9_146812.56e,0.021055289
158,5mo_SIGAD9_146812.56e,0.015142419
158,5mo_SIGAD9_146812.56e,0.017740628
158,5mo_SIGAD9_146812.56e,0.016616922
158,5mo_SIGAD9_146812.56e,0.021503663
158,5mo_SIGAD9_146812.56e,0.016423175
158,5mo_SIGAD9_146812.56e,0.020781588
158,5mo_SIGAD9_146812.56e,0.019477995
158,5mo_SIGAD9_146812.56e,0.017660912
158,5mo_SIGAD9_146812.56e,0.017987125
4,7dr2_7dold_SITTB4_14684.38h,0.0200158
4,7dr2_7dold_SITTB4_14684.38h,0.017488513
4,3d7d_SITTB7_146813.47c,0.019658959
4,3d7d_SITTB7_146813.47c,0.017635724
4,3d7d_SITTB7_146813.47c,0.025511501
4,3d7d_SITTB7_146813.47c,0.021726478
4,3d7d_SITTB7_146813.47c,0.017385853
4,3d7d_SITTB7_146813.47c,0.018668126
4,3d7d_SITTB7_146813.47c,0.019856565
4,3d7d_SITTB7_146813.47c,0.016718466
4,3d7d_SITTB7_146813.47c,0.020402718
4,3d7d_SITTB7_146813.47c,0.017675338
4,3d7d_SITTB7_146813.47c,0.018122872
24,2w4w_SITTC4_146819.61f,0.01763598
24,2w4w_SITTC4_146819.61f,0.038722474
24,2w4w_SITTC4_146819.61f,0.016919462
24,2w4w_SITTC4_146819.61f,0.016662039
24,2w4w_SITTC4_146819.61f,0.016791355
24,2w4w_SITTC4_146819.61f,0.017023003
24,2w4w_SITTC4_146819.61f,0.018030327
24,2w4w_SITTC4_146819.61f,0.024178825
24,2w4w_SITTC4_146819.61f,0.01613146
24,2w4w_SITTC4_146819.61f,0.015070967
24,2w4w_SITTC4_146819.61f,0.020300824
24,2w4w_SITTC4_146819.61f,0.01964326
24,2w4w_SITTC4_146819.61f,0.024336474
24,2w4w_SITTC4_146819.61f,0.02100288
24,2w4w_SITTC4_146819.61f,0.02185908
24,2w4w_SITTC4_146819.61f,0.020059941
24,2w4w_SITTC4_146819.61f,0.026000207
24,2w4w_SITTC4_146819.61f,0.022077348
24,2w4w_SITTC4_146819.61f,0.015271206
24,2w4w_SITTC4_146819.61f,0.0180129
24,2w4w_SITTC4_146819.61f,0.01665059
24,2w4w_SITTC4_146819.61f,0.016061898
24,2w4w_SITTC4_146819.61f,0.015554624
24,2w4w_SITTC4_146819.61f,0.018563068
24,2w4w_SITTC4_146819.61f,0.017707983
24,2w4w_SITTC4_146819.61f,0.01826076
24,2w4w_SITTC4_146819.61f,0.015830118
24,2w4w_SITTC4_146819.61f,0.0153112775
24,2w4w_SITTC4_146819.61f,0.01684571
24,2w4w_SITTC4_146819.61f,0.016585197
24,2w4w_SITTC4_146819.61b,0.017973272
24,2w4w_SITTC4_146819.61b,0.015445792
24,2w4w_SITTC4_146819.61b,0.017079819
24,2w4w_SITTC4_146819.61b,0.015668755
24,2w4w_SITTC4_146819.61b,0.020356206
24,2w4w_SITTC4_146819.61b,0.017680163
24,2w4w_SITTC4_146819.61b,0.015298043
24,2w4w_SITTC4_146819.61b,0.016215378
24,2w4w_SITTD4_146819.61h,0.01808543
24,2w4w_SITTD4_146819.61h,0.017297382
24,2w4w_SITTD4_146819.61h,0.016077628
24,2w4w_SITTD4_146819.61h,0.01677119
24,2w4w_SITTD4_146819.61h,0.017762924
24,2w4w_SITTD4_146819.61h,0.015264077
24,2w4w_SITTD4_146819.61c,0.015689518
24,2w4w_SITTD4_146819.61c,0.018034913
24,2w4w_SITTD4_146819.61c,0.020024609
24,2w4w_SITTD4_146819.61c,0.01940233
24,2w4w_SITTD4_146819.61c,0.029346962
24,2w4w_SITTD4_146819.61c,0.016513433
24,2w4w_SITTD4_146819.61c,0.016144948
24,2w4w_SITTD4_146819.61c,0.016543807
24,2w4w_SITTD4_146819.61c,0.01605313
24,2w4w_SITTD4_146819.61c,0.019590333
24,2w4w_SITTD4_146819.61c,0.015686622
24,2w4w_SITTD4_146819.61c,0.020321736
24,2w4w_SITTD4_146819.61c,0.01616194
24,2w4w_SITTD4_146819.61c,0.022313928
24,2w4w_SITTD4_146819.61c,0.016506089
24,2w4w_SITTD4_146819.61c,0.017245501
24,2w4w_SITTD4_146819.61c,0.016473869
24,2w4w_SITTD4_146819.61c,0.022440542
24,2w4w_SITTD4_146819.61c,0.017138472
24,2w4w_SITTD4_146819.61c,0.017034141
24,2w4w_SITTD4_146819.61c,0.021629108
24,2w4w_SITTD4_146819.61c,0.017060775
24,2w4w_SITTD4_146819.61c,0.016155338
24,2w4w_SITTD4_146819.61c,0.02097005
24,2w4w_SITTD4_146819.61c,0.022568585
24,2w4w_SITTD4_146819.61c,0.024989218
24,2w4w_SITTD4_146819.61c,0.020523112
24,2w4w_SITTD4_146819.61c,0.018995805
24,2w4w_SITTD4_146819.61c,0.028852746
24,2w4w_SITTD4_146819.61c,0.016498793
24,2w4w_SITTD4_146819.61c,0.015815925
24,2w4w_SITTD4_146819.61c,0.015263653
24,2w4w_SITTD4_146819.61c,0.023393182
24,2w4w_SITTD4_146819.61c,0.015322859
24,2w4w_SITTD4_146819.61c,0.019597335
24,2w4w_SITTD4_146819.61c,0.030074025
24,2w4w_SITTD4_146819.61c,0.018290766
24,2w4w_SITTD4_146819.61c,0.018116241
24,2w4w_SITTD4_146819.61c,0.025679113
24,2w4w_SITTD4_146819.61c,0.016404327
24,2w4w_SITTD4_146819.61c,0.018557152
24,2w4w_SITTD4_146819.61c,0.019038564
24,2w4w_SITTD4_146819.61c,0.026978264
24,2w4w_SITTD4_146819.61c,0.015006806
24,2w4w_SITTD4_146819.61c,0.018324314
24,2w4w_SITTD4_146819.61c,0.019588852
24,2w4w_SITTD4_146819.61c,0.0153020965
24,2w4w_SITTD4_146819.61c,0.015072817
24,2w4w_SITTD4_146819.61c,0.017721726
24,2w4w_SITTD4_146819.61c,0.015757551
24,2w4w_SITTD4_146819.61c,0.021706382
24,2w4w_SITTD4_146819.61c,0.018663127
24,2w4w_SITTD4_146819.61c,0.021844104
24,2w4w_SITTD4_146819.61c,0.021829754
24,2w4w_SITTD4_146819.61c,0.026148949
24,2w4w_SITTD4_146819.61c,0.016392287
9,2w4w_SITTE4_146818.66g,0.01501444
9,2w4w_SITTE4_146818.66g,0.020289153
9,2w4w_SITTE4_146818.66g,0.017204713
9,2w4w_SITTE4_146818.66g,0.016810797
9,2w4w_SITTE4_146818.66g,0.017628962
9,2w4w_SITTE4_146818.66g,0.019358192
9,2w4w_SITTE4_146818.66g,0.01654169
9,2w4w_SITTE4_146818.66g,0.022556014
9,2w4w_SITTE4_146818.66g,0.022043929
9,2w4w_SITTE4_146818.66d,0.016472176
9,2w4w_SITTE4_146818.66d,0.015798518
9,2w4w_SITTE4_146818.66d,0.018285422
9,2w4w_SITTE4_146818.66d,0.01522357
9,2w4w_SITTE4_146818.66d,0.018223122
9,2w4w_SITTE4_146818.66d,0.01918543
9,2w4w_SITTE4_146818.66d,0.018416123
9,2w4w_SITTE4_146818.66d,0.017156525
73,7w11w_SITTC3_146812.57e,0.015650215
73,7w11w_SITTC3_146812.57e,0.019511012
73,7w11w_SITTC3_146812.57e,0.018061152
73,7w11w_SITTC3_146812.57e,0.01780748
73,7w11w_SITTC3_146812.57e,0.017543131
73,7w11w_SITTC3_146812.57e,0.03412854
73,7w11w_SITTC3_146812.57e,0.016745307
73,7w11w_SITTC3_146812.57e,0.025435235
73,7w11w_SITTC3_146812.57e,0.015067824
73,7w11w_SITTC3_146812.57e,0.018871723
73,7w11w_SITTC3_146812.57e,0.018388173
73,7w11w_SITTC3_146812.57e,0.017829988
73,7w11w_SITTC3_146812.57e,0.019055363
73,7w11w_SITTC3_146812.57e,0.028221985
73,7w11w_SITTC3_146812.57e,0.0197657
73,7w11w_SITTC3_146812.57e,0.01564354
73,7w11w_SITTC3_146812.57e,0.017533338
73,7w11w_SITTC3_146812.57e,0.018900653
73,7w11w_SITTC3_146812.57e,0.016971989
73,7w11w_SITTC3_146812.57e,0.019717438
73,7w11w_SITTC3_146812.57e,0.017134892
73,7w11w_SITTC3_146812.57e,0.029004095
73,7w11w_SITTC3_146812.57e,0.015394159
73,7w11w_SITTC3_146812.57e,0.021035442
73,7w11w_SITTC3_146812.57e,0.017298348
73,7w11w_SITTC3_146812.57e,0.020693894
73,7w11w_SITTC3_146812.57e,0.017100787
73,7w11w_SITTC3_146812.57e,0.015598195
73,7w11w_SITTC3_146812.57e,0.015446502
73,7w11w_SITTC3_146812.57e,0.020954242
73,7w11w_SITTC3_146812.57e,0.033371285
73,7w11w_SITTC3_146812.57e,0.015142138
73,7w11w_SITTC3_146812.57e,0.015258094
73,7w11w_SITTC3_146812.57e,0.022506027
73,7w11w_SITTC3_146812.57e,0.016419234
73,7w11w_SITTC3_146812.57e,0.018208826
73,7w11w_SITTC3_146812.57e,0.019773949
73,7w11w_SITTC3_146812.57e,0.01805385
73,7w11w_SITTC3_146812.57e,0.020282548
73,7w11w_SITTC3_146812.57e,0.022986304
73,7w11w_SITTC3_146812.57e,0.016057147
73,7w11w_SITTC3_146812.57e,0.017717112
73,7w11w_SITTC3_146812.57e,0.017423764
73,7w11w_SITTC3_146812.57e,0.023703355
73,7w11w_SITTC3_146812.57e,0.020165883
73,7w11w_SITTC3_146812.57e,0.01889869
73,7w11w_SITTC3_146812.57e,0.021283213
73,7w11w_SITTC3_146812.57e,0.015527384
73,7w11w_SITTC3_146812.57e,0.018788338
73,7w11w_SITTC3_146812.57e,0.017542185
73,7w11w_SITTC3_146812.57e,0.022017252
73,7w11w_SITTC3_146812.57e,0.023753839
73,7w11w_SITTC3_146812.57e,0.015628997
73,7w11w_SITTC3_146812.57e,0.015899919
73,7w11w_SITTC3_146812.57e,0.01962302
73,7w11w_SITTC3_146812.57e,0.016822759
73,7w11w_SITTC3_146812.57e,0.017924573
73,7w11w_SITTC3_146812.57e,0.016029375
73,7w11w_SITTC3_146812.57e,0.019107817
73,7w11w_SITTC3_146812.57e,0.01526151
73,7w11w_SITTC3_146812.57e,0.017495796
73,7w11w_SITTC3_146812.57e,0.035061903
73,7w11w_SITTC3_146812.57e,0.024938896
73,7w11w_SITTC3_146815.60a,0.021546932
73,7w11w_SITTC3_146815.60a,0.018590426
73,7w11w_SITTC3_146815.60a,0.015993929
73,7w11w_SITTC3_146815.60a,0.015436731
73,7w11w_SITTC3_146815.60a,0.018627735
73,7w11w_SITTC3_146815.60a,0.018746568
73,7w11w_SITTC3_146815.60a,0.021013169
73,7w11w_SITTC3_146815.60a,0.017367896
73,7w11w_SITTC3_146815.60a,0.01542835
73,7w11w_SITTC3_146815.60a,0.016984774
73,7w11w_SITTC3_146815.60a,0.022479195
73,7w11w_SITTC3_146815.60a,0.016254457
73,7w11w_SITTC3_146815.60a,0.018225934
73,7w11w_SITTC3_146815.60a,0.01646197
73,7w11w_SITTC3_146815.60a,0.018280664
73,7w11w_SITTC3_146815.60a,0.015408718
73,7w11w_SITTC3_146815.60a,0.016158693
73,7w11w_SITTC3_146815.60a,0.017874734
73,7w11w_SITTC3_146815.60a,0.016249236
73,7w11w_SITTC3_146815.60a,0.01624015
73,7w11w_SITTC3_146815.60a,0.016176425
73,7w11w_SITTC3_146815.60a,0.021490611
73,7w11w_SITTC3_146815.60a,0.016376413
73,7w11w_SITTC3_146815.60a,0.016236307
73,7w11w_SITTC3_146815.60a,0.021104587
73,7w11w_SITTC3_146815.60a,0.015143157
73,7w11w_SITTC3_146815.60a,0.020272227
73,7w11w_SITTC3_146815.60a,0.020880349
73,7w11w_SITTC3_146815.60a,0.019724673
73,7w11w_SITTC3_146815.60a,0.016968196
73,7w11w_SITTC3_146815.60a,0.017690841
73,7w11w_SITTC3_146815.60a,0.019615801
73,7w11w_SITTC3_146815.60a,0.018678207
73,7w11w_SITTC3_146815.60a,0.020616785
73,7w11w_SITTC3_146815.60a,0.01989655
73,7w11w_SITTC3_146815.60a,0.019175204
73,7w11w_SITTC3_146815.60a,0.019018156
73,7w11w_SITTC3_146815.60a,0.015262075
73,7w11w_SITTC3_146815.60a,0.016852822
73,7w11w_SITTC3_146815.60a,0.015421605
73,7w11w_SITTC3_146815.60a,0.016767226
73,7w11w_SITTC3_146815.60a,0.022076115
73,7w11w_SITTC3_146815.60a,0.020025613
73,7w11w_SITTC3_146815.60a,0.020389512
73,7w11w_SITTC3_146815.60a,0.015408553
73,7w11w_SITTC3_146815.60a,0.022318335
73,7w11w_SITTC3_146815.60a,0.022681264
73,7w11w_SITTC3_146815.60a,0.015989168
73,7w11w_SITTC3_146815.60a,0.01875343
73,7w11w_SITTC3_146815.60a,0.016766254
73,7w11w_SITTC3_146815.60a,0.015918236
73,7w11w_SITTC3_146815.60a,0.02224326
73,7w11w_SITTC3_146815.60a,0.0234226
73,7w11w_SITTC3_146815.60a,0.015955428
73,7w11w_SITTC3_146815.60a,0.035686385
73,7w11w_SITTC3_146815.60a,0.020112816
73,7w11w_SITTC3_146815.60a,0.015659006
73,7w11w_SITTC3_146815.60a,0.016324619
73,7w11w_SITTC3_146815.60a,0.0153902825
46,7w11w_SITTD3_146817.63f,0.016815227
46,7w11w_SITTD3_146817.63f,0.0155697595
46,7w11w_SITTD3_146817.63f,0.016601184
46,7w11w_SITTD3_146817.63f,0.016259026
46,7w11w_SITTD3_146817.63f,0.019655319
46,7w11w_SITTD3_146817.63f,0.017906798
46,7w11w_SITTD3_146817.63f,0.017232034
46,7w11w_SITTD3_146817.63f,0.016548157
46,7w11w_SITTD3_146817.63f,0.01783405
46,7w11w_SITTD3_146817.63f,0.02197395
46,7w11w_SITTD3_146817.63f,0.016218666
46,7w11w_SITTD3_146817.63f,0.023379799
46,7w11w_SITTD3_146817.63f,0.022522088
46,7w11w_SITTD3_146817.63f,0.016103942
46,7w11w_SITTD3_146817.63f,0.015153268
46,7w11w_SITTD3_146817.63f,0.01633967
46,7w11w_SITTD3_146817.63f,0.015251046
46,7w11w_SITTD3_146817.63f,0.017357986
46,7w11w_SITTD3_146817.63f,0.016022263
46,7w11w_SITTD3_146817.63f,0.015179887
46,7w11w_SITTD3_146817.63f,0.020939128
46,7w11w_SITTD3_146817.63f,0.01922507
46,7w11w_SITTD3_146817.63f,0.015817832
46,7w11w_SITTD3_146817.63f,0.017795632
46,7w11w_SITTD3_146817.63f,0.020934956
46,7w11w_SITTD3_146817.63f,0.02107017
46,7w11w_SITTD3_146817.63f,0.015760273
46,7w11w_SITTD3_146817.63f,0.016905224
46,7w11w_SITTD3_146817.63f,0.019720187
46,7w11w_SITTD3_146817.63f,0.0162132
46,7w11w_SITTD3_146817.63f,0.016779685
46,7w11w_SITTD3_146817.63a,0.022339426
46,7w11w_SITTD3_146817.63a,0.015311587
46,7w11w_SITTD3_146817.63a,0.017662587
46,7w11w_SITTD3_146817.63a,0.016801175
46,7w11w_SITTD3_146817.63a,0.017793516
46,7w11w_SITTD3_146817.63a,0.0160156
46,7w11w_SITTD3_146817.63a,0.01609168
46,7w11w_SITTD3_146817.63a,0.015676307
46,7w11w_SITTF3_146817.63g,0.01508459
46,7w11w_SITTF3_146817.63g,0.015988888
46,7w11w_SITTF3_146817.63g,0.016998243
46,7w11w_SITTF3_146817.63g,0.019285144
46,7w11w_SITTF3_146817.63g,0.01866449
46,7w11w_SITTF3_146817.63g,0.01573215
46,7w11w_SITTF3_146817.63g,0.017873853
46,7w11w_SITTF3_146817.63g,0.016889742
46,7w11w_SITTF3_146817.63g,0.020563476
46,7w11w_SITTF3_146817.63g,0.016698
46,7w11w_SITTF3_146817.63g,0.017054921
46,7w11w_SITTF3_146817.63g,0.019461941
46,7w11w_SITTF3_146817.63g,0.017127013
46,7w11w_SITTF3_146817.63g,0.01587564
46,7w11w_SITTF3_146817.63g,0.020700838
46,7w11w_SITTF3_146817.63g,0.0155299045
46,7w11w_SITTF3_146817.63g,0.016024392
46,7w11w_SITTF3_146817.63g,0.019045785
46,7w11w_SITTF3_146817.63g,0.018562008
46,7w11w_SITTF3_146817.63g,0.025151446
46,7w11w_SITTF3_146817.63g,0.018504974
46,7w11w_SITTF3_146817.63g,0.021276617
46,7w11w_SITTF3_146817.63g,0.016256252
46,7w11w_SITTF3_146817.63g,0.020122977
46,7w11w_SITTF3_146817.63g,0.029473113
46,7w11w_SITTF3_146817.63g,0.01575212
46,7w11w_SITTF3_146817.63g,0.015429429
46,7w11w_SITTF3_146817.63g,0.017507967
46,7w11w_SITTF3_146817.63g,0.02184244
46,7w11w_SITTF3_146817.63g,0.015226125
46,7w11w_SITTF3_146817.63g,0.017791318
46,7w11w_SITTF3_146817.63g,0.01596289
46,7w11w_SITTF3_146817.63b,0.0153041575
46,7w11w_SITTF3_146817.63b,0.01531361
46,7w11w_SITTF3_146817.63b,0.018000089
46,7w11w_SITTF3_146817.63b,0.017141942
46,7w11w_SITTF3_146817.63b,0.017429365
46,7w11w_SITTF3_146817.63b,0.017343044
46,7w11w_SITTF3_146817.63b,0.019158581
109,16w_SITTD12_146815.60f,0.01818299
109,16w_SITTD12_146815.60f,0.020251848
109,16w_SITTD12_146815.60f,0.022750009
109,16w_SITTD12_146815.60f,0.01723479
109,16w_SITTD12_146815.60f,0.01731191
109,16w_SITTD12_146815.60f,0.021514894
109,16w_SITTD12_146815.60f,0.015906708
109,16w_SITTD12_146815.60f,0.015524316
109,16w_SITTD12_146815.60f,0.015307404
109,16w_SITTD12_146815.60f,0.019021353
109,16w_SITTD12_146815.60f,0.02109698
109,16w_SITTD12_146815.60f,0.019210724
109,16w_SITTD12_146815.60f,0.01877538
109,16w_SITTD12_146815.60f,0.022110775
109,16w_SITTD12_146815.60f,0.017556174
109,16w_SITTD12_146815.60f,0.019630142
109,16w_SITTD12_146815.60f,0.015752066
109,16w_SITTD12_146815.60f,0.015882986
109,16w_SITTD12_146815.60f,0.018616399
109,16w_SITTD12_146815.60f,0.0151049495
109,16w_SITTD12_146815.60f,0.015029567
109,16w_SITTD12_146815.60f,0.017879091
109,16w_SITTD12_146815.60f,0.01660266
109,16w_SITTD12_146815.60f,0.015437797
109,16w_SITTD12_146815.60f,0.018865682
109,16w_SITTD12_146815.60f,0.017528692
109,16w_SITTD12_146815.60f,0.015696315
109,16w_SITTD12_146815.60f,0.016892796
109,16w_SITTD12_146815.60f,0.015772391
109,16w_SITTD12_146815.60f,0.02316246
109,16w_SITTD12_146815.60f,0.02322298
109,16w_SITTD12_146815.60f,0.021746337
109,16w_SITTD12_146815.60f,0.034144852
109,16w_SITTD12_146815.60f,0.016300697
109,16w_SITTD12_146815.60f,0.017240992
109,16w_SITTD12_146815.60f,0.016407078
109,16w_SITTD12_146815.60f,0.020718746
109,16w_SITTD12_146815.60f,0.017192543
109,16w_SITTD12_146815.60f,0.019891232
109,16w_SITTD12_146815.60f,0.018521907
109,16w_SITTD12_146815.60f,0.019216483
109,16w_SITTD12_146815.60f,0.022012655
109,16w_SITTD12_146815.60f,0.01554806
109,16w_SITTD12_146815.60f,0.019870505
109,16w_SITTD12_146815.60f,0.01852461
109,16w_SITTD12_146815.60f,0.019489102
109,16w_SITTD12_146815.60f,0.016562302
109,16w_SITTD12_146815.60f,0.016579162
109,16w_SITTD12_146815.60f,0.015444117
109,16w_SITTD12_146815.60f,0.019584917
109,16w_SITTD12_146815.60f,0.018529678
109,16w_SITTD12_146815.60f,0.018078538
109,16w_SITTD12_146815.60f,0.0155000985
109,16w_SITTD12_146815.60f,0.023851736
109,16w_SITTD12_146815.60b,0.018058173
109,16w_SITTD12_146815.60b,0.022812208
109,16w_SITTD12_146815.60b,0.015758011
109,16w_SITTD12_146815.60b,0.016170796
109,16w_SITTD12_146815.60b,0.015199667
109,16w_SITTD12_146815.60b,0.01612968
109,16w_SITTD12_146815.60b,0.016777283
109,16w_SITTD12_146815.60b,0.015903331
109,16w_SITTD12_146815.60b,0.016814446
109,16w_SITTD12_146815.60b,0.01724354
109,16w_SITTD12_146815.60b,0.021041475
109,16w_SITTD12_146815.60b,0.01811202
109,16w_SITTD12_146815.60b,0.026475763
109,16w_SITTD12_146815.60b,0.0154091
109,16w_SITTD12_146815.60b,0.017208716
109,16w_SITTD12_146815.60b,0.016811963
109,16w_SITTD12_146815.60b,0.01835683
109,16w_SITTD12_146815.60b,0.01512449
109,16w_SITTD12_146815.60b,0.015610448
109,16w_SITTD12_146815.60b,0.016843691
109,16w_SITTD12_146815.60b,0.015649341
109,16w_SITTD12_146815.60b,0.015922556
109,16w_SITTD12_146815.60b,0.015658898
109,16w_SITTD12_146815.60b,0.016254045
109,16w_SITTD12_146815.60b,0.020294957
109,16w_SITTD12_146815.60b,0.018161507
109,16w_SITTD12_146815.60b,0.021043088
109,16w_SITTD12_146815.60b,0.0150978
109,16w_SITTD12_146815.60b,0.01903631
109,16w_SITTD12_146815.60b,0.017222831
109,16w_SITTD12_146815.60b,0.03474805
109,16w_SITTD12_146815.60b,0.015545872
109,16w_SITTD12_146815.60b,0.017155787
109,16w_SITTD12_146815.60b,0.02232145
109,16w_SITTD12_146815.60b,0.017619422
109,16w_SITTD12_146815.60b,0.02193821
109,16w_SITTD12_146815.60b,0.019531462
109,16w_SITTD12_146815.60b,0.020466173
109,16w_SITTD12_146815.60b,0.017501913
109,16w_SITTD12_146815.60b,0.015105198
109,16w_SITTD12_146815.60b,0.016608402
109,16w_SITTD12_146815.60b,0.01876079
109,16w_SITTE12_146815.60h,0.015170467
109,16w_SITTE12_146815.60h,0.01901509
109,16w_SITTE12_146815.60h,0.01506453
109,16w_SITTE12_146815.60h,0.02096475
109,16w_SITTE12_146815.60h,0.02349489
109,16w_SITTE12_146815.60h,0.017859781
109,16w_SITTE12_146815.60h,0.023018192
109,16w_SITTE12_146815.60h,0.018130807
109,16w_SITTE12_146815.60h,0.022062887
109,16w_SITTE12_146815.60h,0.015807973
109,16w_SITTE12_146815.60h,0.017317776
109,16w_SITTE12_146815.60h,0.01856315
109,16w_SITTE12_146815.60h,0.02181109
109,16w_SITTE12_146815.60h,0.020089643
109,16w_SITTE12_146815.60h,0.017176593
109,16w_SITTE12_146815.60h,0.016224
109,16w_SITTE12_146815.60h,0.022387592
109,16w_SITTE12_146815.60h,0.049334906
109,16w_SITTE12_146815.60h,0.016279576
109,16w_SITTE12_146815.60h,0.018076273
109,16w_SITTE12_146815.60h,0.020019533
109,16w_SITTE12_146815.60h,0.017219527
109,16w_SITTE12_146815.60h,0.01673345
109,16w_SITTE12_146815.60h,0.01547397
109,16w_SITTE12_146815.60h,0.01644166
109,16w_SITTE12_146815.60h,0.018244835
109,16w_SITTE12_146815.60h,0.020560682
109,16w_SITTE12_146815.60h,0.015902307
109,16w_SITTE12_146815.60h,0.01604148
109,16w_SITTE12_146815.60h,0.01522756
109,16w_SITTE12_146815.60h,0.015775304
109,16w_SITTE12_146815.60h,0.015262051
109,16w_SITTE12_146815.60h,0.017324042
109,16w_SITTE12_146815.60h,0.018749341
109,16w_SITTE12_146815.60h,0.01902842
109,16w_SITTE12_146815.60h,0.020929439
109,16w_SITTE12_146815.60h,0.018103942
109,16w_SITTE12_146815.60h,0.018500926
109,16w_SITTE12_146815.60h,0.01857413
109,16w_SITTE12_146815.60h,0.02360498
109,16w_SITTE12_146815.60h,0.01739855
109,16w_SITTE12_146815.60h,0.024041818
109,16w_SITTE12_146815.60h,0.01561014
109,16w_SITTE12_146815.60h,0.024221016
109,16w_SITTE12_146815.60h,0.022231277
109,16w_SITTE12_146815.60h,0.01793704
109,16w_SITTE12_146815.60h,0.015715202
109,16w_SITTE12_146815.60h,0.018982608
109,16w_SITTE12_146815.60h,0.016665723
109,16w_SITTE12_146815.60h,0.024683626
109,16w_SITTE12_146815.60h,0.017382726
109,16w_SITTE12_146815.60h,0.017431038
109,16w_SITTE12_146815.60h,0.03148782
109,16w_SITTE12_146815.60h,0.027044188
109,16w_SITTE12_146815.60h,0.020008607
109,16w_SITTE12_146815.60h,0.015424111
109,16w_SITTE12_146815.60h,0.01906386
109,16w_SITTE12_146815.60h,0.030186977
109,16w_SITTE12_146815.60h,0.018526932
109,16w_SITTE12_146815.60h,0.01640696
109,16w_SITTE12_146815.60h,0.021644028
109,16w_SITTE12_146815.60h,0.015527277
109,16w_SITTE12_146815.60h,0.015535246
109,16w_SITTE12_146815.60h,0.015276848
109,16w_SITTE12_146815.60h,0.015006479
109,16w_SITTE12_146815.60h,0.02385421
109,16w_SITTE12_146815.60h,0.015358038
109,16w_SITTE12_146815.60h,0.015017331
109,16w_SITTE12_146815.60h,0.019970745
109,16w_SITTE12_146815.60h,0.015231158
109,16w_SITTE12_146815.60h,0.024828829
109,16w_SITTE12_146815.60h,0.024622593
109,16w_SITTE12_146815.60c,0.020705922
109,16w_SITTE12_146815.60c,0.016015794
109,16w_SITTE12_146815.60c,0.016343514
109,16w_SITTE12_146815.60c,0.015380694
109,16w_SITTE12_146815.60c,0.015439382
109,16w_SITTE12_146815.60c,0.027282799
109,16w_SITTE12_146815.60c,0.018733047
109,16w_SITTE12_146815.60c,0.016977957
109,16w_SITTE12_146815.60c,0.019217331
109,16w_SITTE12_146815.60c,0.015107742
109,16w_SITTE12_146815.60c,0.016870808
109,16w_SITTE12_146815.60c,0.018236367
109,16w_SITTE12_146815.60c,0.019715963
109,16w_SITTE12_146815.60c,0.020819144
4,7d_SS2_14681.32c,0.021781368
4,7d_SS2_14681.30e,0.0151606845
4,3d7d_SS2_146811.44g,0.018424697
4,3d7d_SS2_146811.44g,0.01871106
4,3d7d_SS2_146811.44g,0.0152853485
4,3d7d_SS2_146811.44g,0.015014982
4,3d7d_SS2_146811.44g,0.015774958
0,3d7d_SS2_146814.46f,0.020748531
0,3d7d_SS2_146814.46d,0.019829873
0,3d7d_SS2_146814.46d,0.017380482
0,3d7d_SS2_146814.46d,0.022732731
0,3d7d_SS2_146814.46d,0.018624738
0,3d7d_SS2_146814.46d,0.016418548
0,3d7d_SS2_146814.46d,0.020337654
4,3d7d_SS2_146813.47a,0.022488538
4,3d7d_SS2_146813.47a,0.016481502
4,3d7d_SS2_146813.47a,0.016761836
4,3d7d_SS2_146813.47a,0.016761718
4,3d7d_SS2_146813.47a,0.016057756
0,3d7d_SS2_146814.46f,0.01695258
9,2w4w_SS2_146818.66h,0.02292162
9,2w4w_SS2_146818.66h,0.019707914
9,2w4w_SS2_146818.66b,0.016296817
9,2w4w_SS2_146818.66b,0.020558981
0,3dr2_SS2_1468.21.100e,0.016218875
0,3dr2_SS2_1468.21.100e,0.0188524
0,3dr2_SS2_1468.21.100e,0.015527033
0,3dr2_SS2_1468.21.100e,0.015650112
0,3dr2_SS2_1468.23.97b,0.019009393
0,3dr2_SS2_1468.23.97b,0.015768448
0,3dr2_SS2_1468.23.97b,0.018125318
0,3dr2_SS2_1468.23.97b,0.019138303
0,3dr2_SS2_1468.23.97b,0.016672723
0,3dr2_SS2_1468.23.97b,0.025601862
0,3dr2_SS2_1468.23.97b,0.015442213
